"requirement";"score_1";"score_2";"score_3";"score_4";"score_5";"score_6";"score_7";"score_8";"score_9";"score_10";"score_11";"score_12";"score_13";"score_14";"score_15";"score_16";"score_17";"score_18";"score_19";"score_20";"score_21";"score_22";"score_23";"score_24";"score_25";"score_26";"score_27";"score_28";"score_29";"score_30";"score_31";"score_32";"score_33";"score_34";"score_35";"score_36";"score_37";"score_38";"score_39";"score_40";"score_41";"score_42";"score_43";"score_44";"score_45";"score_46";"score_47";"score_48";"score_49";"score_50";"score_51";"score_52";"score_53";"score_54";"score_55";"score_56";"score_57";"score_58";"score_59";"score_60";"score_61";"score_62";"score_63";"score_64";"score_65";"score_66";"score_67";"score_68"
"Sie verwenden Öle, Gewürze, Streusalze, Zucker, Backwaren, wie auch weitere Basisprodukte 
und Nahrungsmittel für die Zwischenmahlzeiten zu 50% (an Kosten gemessen) in der Qualität 
«Bio» und (bei Produkten aus der 3. Welt) mit dem Gütesiegel «Max Havelaar».";"0.0";"0.0";"0.0";"0.0";"0.0";"0.0";"0.0";"0.0";"0.0";"0.0";"0.0";"0.0";"0.0";"0.0";"0.0";"0.0";"0.0";"0.0";"0.0";"0.0";"0.0";"0.0";"0.0";"0.0";"0.0";"0.0";"0.0";"0.0";"0.0";"0.0";"0.0";"0.0";"0.0";"0.0";"0.0";"0.0";"0.0";"0.0";"0.0";"0.0";"0.0";"0.0";"0.0";"0.0";"0.0";"0.0";"0.0";"0.0";"0.0";"0.0";"0.0";"0.0";"0.0";"0.0";"0.0";"0.0";"0.0";"0.0";"0.0";"0.0";"0.0";"0.0";"0.0";"0.0";"0.0";"0.0";"0.0";"0.0"
"Sie verwenden Milch und Milchprodukte zu 90% (gemessen an den Kosten) aus Schweizer 
Produktion in der Qualität «Bio».";"0.0";"0.0";"0.0";"0.0";"0.0";"0.0";"0.0";"0.0";"0.0";"0.0";"0.0";"0.0";"0.0";"0.0";"0.0";"0.0";"0.0";"0.0";"0.0";"0.0";"0.0";"0.0";"0.0";"0.0";"0.0";"0.0";"0.0";"0.0";"0.0";"0.0";"0.0";"0.0";"0.0";"0.0";"0.0";"0.0";"0.0";"0.0";"0.0";"0.0";"0.0";"0.0";"0.0";"0.0";"0.0";"0.0";"0.0";"0.0";"0.0";"0.0";"0.0";"0.0";"0.0";"0.0";"0.0";"0.0";"0.0";"0.0";"0.0";"0.0";"0.0";"0.0";"0.0";"0.0";"0.0";"0.0";"0.0";"0.0"
"Sie produzieren Sättigungsbeilagen zu 80% (in 8 von 10 Mahlzeiten) in der Qualität «Bio» und 
verwenden (bei Produkten aus der 3 Welt) Produkte mit dem Gütesiegel «Max Havelaar». 
Kartoffeln verwenden Sie ausschliesslich in der Qualität «Bio Suisse» aus der Region (35km 
von Biel).";"0.0";"0.0";"0.0";"0.0";"0.0";"0.0";"0.0";"0.0";"0.0";"0.0";"0.0";"0.0";"0.0";"0.0";"0.0";"0.0";"0.0";"0.0";"0.0";"0.0";"0.0";"0.0";"0.0";"0.0";"0.0";"0.0";"0.0";"0.0";"0.0";"0.0";"0.0";"0.0";"0.0";"0.0";"0.0";"0.0";"0.0";"0.0";"0.0";"0.0";"0.0";"0.0";"0.0";"0.0";"0.0";"0.0";"0.0";"0.0";"0.0";"0.0";"0.0";"0.0";"0.0";"0.0";"0.0";"0.0";"0.0";"0.0";"0.0";"0.0";"0.0";"0.0";"0.0";"0.0";"0.0";"0.0";"0.0";"0.0"
"Kartoffeln verwenden Sie ausschliesslich in der Qualität «Bio Suisse» aus der Region (35km 
von Biel).";"0.0";"0.0";"0.0";"0.0";"0.0";"0.0";"0.0";"0.0";"0.0";"0.0";"0.0";"0.0";"0.0";"0.0";"0.0";"0.0";"0.0";"0.0";"0.0";"0.0";"0.0";"0.0";"0.0";"0.0";"0.0";"0.0";"0.0";"0.0";"0.0";"0.0";"0.0";"0.0";"0.0";"0.0";"0.0";"0.0";"0.0";"0.0";"0.0";"0.0";"0.0";"0.0";"0.0";"0.0";"0.0";"0.0";"0.0";"0.0";"0.0";"0.0";"0.0";"0.0";"0.0";"0.0";"0.0";"0.0";"0.0";"0.0";"0.0";"0.0";"0.0";"0.0";"0.0";"0.0";"0.0";"0.0";"0.0";"0.0"
"Früchte verarbeiten und liefern Sie zu 80% (gemessen an den Kosten) in Qualität «Bio Suis-
se» (Siehe Ausnahmen unter g).";"0.0";"0.0";"0.0";"0.0";"0.0";"0.0";"0.0";"0.0";"0.0";"0.0";"0.0";"0.0";"0.0";"0.0";"0.0";"0.0";"0.0";"0.0";"0.0";"0.0";"0.0";"0.0";"0.0";"0.0";"0.0";"0.0";"0.0";"0.0";"0.0";"0.0";"0.0";"0.0";"0.0";"0.0";"0.0";"0.0";"0.0";"0.0";"0.0";"0.0";"0.0";"0.0";"0.0";"0.0";"0.0";"0.0";"0.0";"0.0";"0.0";"0.0";"0.0";"0.0";"0.0";"0.0";"0.0";"0.0";"0.0";"0.0";"0.0";"0.0";"0.0";"0.0";"0.0";"0.0";"0.0";"0.0";"0.0";"0.0"
"Fruchtsäfte verarbeiten und liefern Sie zu 80% (gemessen an den Kosten) in der Qualität 
«Bio»";"0.0";"0.0";"0.0";"0.0";"0.0";"0.0";"0.0";"0.0";"0.0";"0.0";"0.0";"0.0";"0.0";"0.0";"0.0";"0.0";"0.0";"0.0";"0.0";"0.0";"0.0";"0.0";"0.0";"0.0";"0.0";"0.0";"0.0";"0.0";"0.0";"0.0";"0.0";"0.0";"0.0";"0.0";"0.0";"0.0";"0.0";"0.0";"0.0";"0.0";"0.0";"0.0";"0.0";"0.0";"0.0";"0.0";"0.0";"0.0";"0.0";"0.0";"0.0";"0.0";"0.0";"0.0";"0.0";"0.0";"0.0";"0.0";"0.0";"0.0";"0.0";"0.0";"0.0";"0.0";"0.0";"0.0";"0.0";"0.0"
"Sie liefern und verarbeiten zu 80% Früchte (gemessen an den Kosten) aus der Region (35km 
von Biel).";"0.0";"0.0";"0.0";"0.0";"0.0";"0.0";"0.0";"0.0";"0.0";"0.0";"0.0";"0.0";"0.0";"0.0";"0.0";"0.0";"0.0";"0.0";"0.0";"0.0";"0.0";"0.0";"0.0";"0.0";"0.0";"0.0";"0.0";"0.0";"0.0";"0.0";"0.0";"0.0";"0.0";"0.0";"0.0";"0.0";"0.0";"0.0";"0.0";"0.0";"0.0";"0.0";"0.0";"0.0";"0.0";"0.0";"0.0";"0.0";"0.0";"0.0";"0.0";"0.0";"0.0";"0.0";"0.0";"0.0";"0.0";"0.0";"0.0";"0.0";"0.0";"0.0";"0.0";"0.0";"0.0";"0.0";"0.0";"0.0"
"Ausnahmen: Bananen, Mandarinen, Clementinen, Orangen: Diese sollen zu 70% (Gemessen 
an den Kosten) aus fairem Handel (Label Max Havelaar oder vergleichbar) und wenn möglich 
aus biologischer Produktion stammen.";"0.0";"0.0";"0.0";"0.0";"0.0";"0.0";"0.0";"0.0";"0.0";"0.0";"0.0";"0.0";"0.0";"0.0";"0.0";"0.0";"0.0";"0.0";"0.0";"0.0";"0.0";"0.0";"0.0";"0.0";"0.0";"0.0";"0.0";"0.0";"0.0";"0.0";"0.0";"0.0";"0.0";"0.0";"0.0";"0.0";"0.0";"0.0";"0.0";"0.0";"0.0";"0.0";"0.0";"0.0";"0.0";"0.0";"0.0";"0.0";"0.0";"0.0";"0.0";"0.0";"0.0";"0.0";"0.0";"0.0";"0.0";"0.0";"0.0";"0.0";"0.0";"0.0";"0.0";"0.0";"0.0";"0.0";"0.0";"0.0"
"Sie verwenden zu 70% Gemüse (gemessen an den Kosten) in der Qualität «Bio Suisse».";"0.0";"0.0";"0.0";"0.0";"0.0";"0.0";"0.0";"0.0";"0.0";"0.0";"0.0";"0.0";"0.0";"0.0";"0.0";"0.0";"0.0";"0.0";"0.0";"0.0";"0.0";"0.0";"0.0";"0.0";"0.0";"0.0";"0.0";"0.0";"0.0";"0.0";"0.0";"0.0";"0.0";"0.0";"0.0";"0.0";"0.0";"0.0";"0.0";"0.0";"0.0";"0.0";"0.0";"0.0";"0.0";"0.0";"0.0";"0.0";"0.0";"0.0";"0.0";"0.0";"0.0";"0.0";"0.0";"0.0";"0.0";"0.0";"0.0";"0.0";"0.0";"0.0";"0.0";"0.0";"0.0";"0.0";"0.0";"0.0"
"Sie verwenden zu 70% Gemüse (gemessen an den Kosten) aus der Region (35km von Biel).";"0.0";"0.0";"0.0";"0.0";"0.0";"0.0";"0.0";"0.0";"0.0";"0.0";"0.0";"0.0";"0.0";"0.0";"0.0";"0.0";"0.0";"0.0";"0.0";"0.0";"0.0";"0.0";"0.0";"0.0";"0.0";"0.0";"0.0";"0.0";"0.0";"0.0";"0.0";"0.0";"0.0";"0.0";"0.0";"0.0";"0.0";"0.0";"0.0";"0.0";"0.0";"0.0";"0.0";"0.0";"0.0";"0.0";"0.0";"0.0";"0.0";"0.0";"0.0";"0.0";"0.0";"0.0";"0.0";"0.0";"0.0";"0.0";"0.0";"0.0";"0.0";"0.0";"0.0";"0.0";"0.0";"0.0";"0.0";"0.0"
"Sie verwenden Salat ausschliesslich in der Qualität «Bio Suisse».";"0.0";"0.0";"0.0";"0.0";"0.0";"0.0";"0.0";"0.0";"0.0";"0.0";"0.0";"0.0";"0.0";"0.0";"0.0";"0.0";"0.0";"0.0";"0.0";"0.0";"0.0";"0.0";"0.0";"0.0";"0.0";"0.0";"0.0";"0.0";"0.0";"0.0";"0.0";"0.0";"0.0";"0.0";"0.0";"0.0";"0.0";"0.0";"0.0";"0.0";"0.0";"0.0";"0.0";"0.0";"0.0";"0.0";"0.0";"0.0";"0.0";"0.0";"0.0";"0.0";"0.0";"0.0";"0.0";"0.0";"0.0";"0.0";"0.0";"0.0";"0.0";"0.0";"0.0";"0.0";"0.0";"0.0";"0.0";"0.0"
"Sie verwenden zu 70% Salat (gemessen an den Kosten) aus der Region (35km von Biel).";"0.0";"0.0";"0.0";"0.0";"0.0";"0.0";"0.0";"0.0";"0.0";"0.0";"0.0";"0.0";"0.0";"0.0";"0.0";"0.0";"0.0";"0.0";"0.0";"0.0";"0.0";"0.0";"0.0";"0.0";"0.0";"0.0";"0.0";"0.0";"0.0";"0.0";"0.0";"0.0";"0.0";"0.0";"0.0";"0.0";"0.0";"0.0";"0.0";"0.0";"0.0";"0.0";"0.0";"0.0";"0.0";"0.0";"0.0";"0.0";"0.0";"0.0";"0.0";"0.0";"0.0";"0.0";"0.0";"0.0";"0.0";"0.0";"0.0";"0.0";"0.0";"0.0";"0.0";"0.0";"0.0";"0.0";"0.0";"0.0"
"Fleisch/Geflügel in der Qualität «IP» oder «Bio Suisse» aus der Region (35km von 
Biel)";"0.0";"0.0";"0.0";"0.0";"0.0";"0.0";"0.0";"0.0";"0.0";"0.0";"0.0";"0.0";"0.0";"0.0";"0.0";"0.0";"0.0";"0.0";"0.0";"0.0";"0.0";"0.0";"0.0";"0.0";"0.0";"0.0";"0.0";"0.0";"0.0";"0.0";"0.0";"0.0";"0.0";"0.0";"0.0";"0.0";"0.0";"0.0";"0.0";"0.0";"0.0";"0.0";"0.0";"0.0";"0.0";"0.0";"0.0";"0.0";"0.0";"0.0";"0.0";"0.0";"0.0";"0.0";"0.0";"0.0";"0.0";"0.0";"0.0";"0.0";"0.0";"0.0";"0.0";"0.0";"0.0";"0.0";"0.0";"0.0"
"Fisch im Standard «MSC»";"0.0";"0.0";"0.0";"0.0";"0.0";"0.0";"0.0";"0.0";"0.0";"0.0";"0.0";"0.0";"0.0";"0.0";"0.0";"0.0";"0.0";"0.0";"0.0";"0.0";"0.0";"0.0";"0.0";"0.0";"0.0";"0.0";"0.0";"0.0";"0.0";"0.0";"0.0";"0.0";"0.0";"0.0";"0.0";"0.0";"0.0";"0.0";"0.0";"0.0";"0.0";"0.0";"0.0";"0.0";"0.0";"0.0";"0.0";"0.0";"0.0";"0.0";"0.0";"0.0";"0.0";"0.0";"0.0";"0.0";"0.0";"0.0";"0.0";"0.0";"0.0";"0.0";"0.0";"0.0";"0.0";"0.0";"0.0";"0.0"
"3 Hauptmahlzeiten pro Woche vegetarisch";"0.0";"0.0";"0.0";"0.0";"0.0";"0.0";"0.0";"0.0";"0.0";"0.0";"0.0";"0.0";"0.0";"0.0";"0.0";"0.0";"0.0";"0.0";"0.0";"0.0";"0.0";"0.0";"0.0";"0.0";"0.0";"0.0";"0.0";"0.0";"0.0";"0.0";"0.0";"0.0";"0.0";"0.0";"0.0";"0.0";"0.0";"0.0";"0.0";"0.0";"0.0";"0.0";"0.0";"0.0";"0.0";"0.0";"0.0";"0.0";"0.0";"0.0";"0.0";"0.0";"0.0";"0.0";"0.0";"0.0";"0.0";"0.0";"0.0";"0.0";"0.0";"0.0";"0.0";"0.0";"0.0";"0.0";"0.0";"0.0"
"Für Kinder die vegetarisch oder kein Schweinefleisch essen wird jeden Tag eine Ei-
weisskomponente auf vegetarischer Basis angeboten.";"0.0";"0.0";"0.0";"0.0";"0.0";"0.0";"0.0";"0.0";"0.0";"0.0";"0.0";"0.0";"0.0";"0.0";"0.0";"0.0";"0.0";"0.0";"0.0";"0.0";"0.0";"0.0";"0.0";"0.0";"0.0";"0.0";"0.0";"0.0";"0.0";"0.0";"0.0";"0.0";"0.0";"0.0";"0.0";"0.0";"0.0";"0.0";"0.0";"0.0";"0.0";"0.0";"0.0";"0.0";"0.0";"0.0";"0.0";"0.0";"0.0";"0.0";"0.0";"0.0";"0.0";"0.0";"0.0";"0.0";"0.0";"0.0";"0.0";"0.0";"0.0";"0.0";"0.0";"0.0";"0.0";"0.0";"0.0";"0.0"
"Ausgewogenheit und kindergerecht innerhalb der Menüs: Die Produktion folgt einer 
Ernährungsphilosophie auf Basis einer aktuellen wissenschaftlicher Grundlage. 
Geben Sie Ihre Philosophie an";"0.0";"0.0";"0.0";"0.0";"0.0";"0.0";"0.0";"0.0";"0.0";"0.0";"0.0";"0.0";"0.0";"0.0";"0.0";"0.0";"0.0";"0.0";"0.0";"0.0";"0.0";"0.0";"0.0";"0.0";"0.0";"0.0";"0.0";"0.0";"0.0";"0.0";"0.0";"0.0";"0.0";"0.0";"0.0";"0.0";"0.0";"0.0";"0.0";"0.0";"0.0";"0.0";"0.0";"0.0";"0.0";"0.0";"0.0";"0.0";"0.0";"0.0";"0.0";"0.0";"0.0";"0.0";"0.0";"0.0";"0.0";"0.0";"0.0";"0.0";"0.0";"0.0";"0.0";"0.0";"0.0";"0.0";"0.0";"0.0"
"Die massgeblichen Anforderungen sind in Form von Angaben zum Unternehmen, zu den verlangten 

Eignungskriterien samt Bestätigungen, Referenzen und Darstellung der Einhaltung der 

Schweizerischen Tierschutzstandards sowie der Prinzipien der ökologischen Nachhaltigkeit bei 

Produktion und Transport (Beilage 1) und im Eingabeformular Preis (Beilage 2) aufgeführt.";"0.0";"0.0";"0.0";"0.0";"0.0";"0.0";"0.0";"0.0";"0.0";"0.0";"0.0";"0.0";"0.0";"0.0";"0.0";"0.0";"0.0";"0.0";"0.0";"0.0";"0.0";"0.0";"0.0";"0.0";"0.0";"0.0";"0.0";"0.0";"0.0";"0.0";"0.0";"0.0";"0.0";"0.0";"0.0";"0.0";"0.0";"0.0";"0.0";"0.0";"0.0";"0.0";"0.0";"0.0";"0.0";"0.0";"0.0";"0.0";"0.0";"0.0";"0.0";"0.0";"0.0";"0.0";"0.0";"0.0";"0.0";"0.0";"0.0";"0.0";"0.0";"0.0";"0.0";"0.0";"0.0";"0.0";"0.0";"0.0"
"Nachhaltigkeit";"0.0";"0.0";"0.0";"0.0";"0.0";"0.0";"0.0";"0.0";"0.0";"0.0";"0.0";"0.0";"0.0";"0.0";"0.0";"0.0";"0.0";"0.0";"0.0";"0.0";"0.0";"0.0";"0.0";"0.0";"0.0";"0.0";"0.0";"0.0";"0.0";"0.0";"0.0";"0.0";"0.0";"0.0";"0.0";"0.0";"0.0";"0.0";"0.0";"0.0";"0.0";"0.0";"0.0";"0.0";"0.0";"0.0";"0.0";"0.0";"0.0";"0.0";"0.0";"0.0";"0.0";"0.0";"0.0";"0.0";"0.0";"0.0";"0.0";"0.0";"0.0";"0.0";"0.0";"0.0";"0.0";"0.0";"0.0";"0.0"
"Der Anbieter verpflichten sich, die Standards gemäss Kernabkommen der ILO (International Labour 

Organization), die geltenden Arbeitsschutzbestimmungen sowie die Bedingungen der 

Gesamtarbeitsverträge, der Normalarbeitsverträge oder bei deren Fehlen die branchenüblichen 

Vorschriften einzuhalten, die an den Orten gelten, wo die Arbeiten ausgeführt werden.";"0.0";"0.0";"0.0";"0.0";"0.0";"0.0";"0.0";"0.0";"0.0";"0.0";"0.0";"0.0";"0.0";"0.0";"0.0";"0.0";"0.0";"0.0";"0.0";"0.0";"0.0";"0.0";"0.0";"0.0";"0.0";"0.0";"0.0";"0.0";"0.0";"0.0";"0.0";"0.0";"0.0";"0.0";"0.0";"0.0";"0.0";"0.0";"0.0";"0.0";"0.0";"0.0";"0.0";"0.0";"0.0";"0.0";"0.0";"0.0";"0.0";"0.0";"0.0";"0.0";"0.0";"0.0";"0.0";"0.0";"0.0";"0.0";"0.0";"0.0";"0.0";"0.0";"0.0";"0.0";"0.0";"0.0";"0.0";"0.0"
"C Nachhaltigkeit   
 

C.1 Beurteilung / Zertifikat 50 Punkte    
         

  Total Nachhaltigkeit  50 Punkte 5%";"0.0";"0.0";"0.0";"0.0";"0.0";"0.0";"0.0";"0.0";"0.0";"0.0";"0.0";"0.0";"0.0";"0.0";"0.0";"0.0";"0.0";"0.0";"0.0";"0.0";"0.0";"0.0";"0.0";"0.0";"0.0";"0.0";"0.0";"0.0";"0.0";"0.0";"0.0";"0.0";"0.0";"0.0";"0.0";"0.0";"0.0";"0.0";"0.0";"0.0";"0.0";"0.0";"0.0";"0.0";"0.0";"0.0";"0.0";"0.0";"0.0";"0.0";"0.0";"0.0";"0.0";"0.0";"0.0";"0.0";"0.0";"0.0";"0.0";"0.0";"0.0";"0.0";"0.0";"0.0";"0.0";"0.0";"0.0";"0.0"
"Alle Kinder erhalten eine ausgewogene, abwechslungsreiche, altersgemässe und warme Mahlzeit.";"0.0";"0.0";"0.0";"0.0";"0.0";"0.0";"0.0";"0.0";"0.0";"0.0";"0.0";"0.0";"0.0";"0.0";"0.0";"0.0";"0.0";"0.0";"0.0";"0.0";"0.0";"0.0";"0.0";"0.0";"0.0";"0.0";"0.0";"0.0";"0.0";"0.0";"0.0";"0.0";"0.0";"0.0";"0.0";"0.0";"0.0";"0.0";"0.0";"0.0";"0.0";"0.0";"0.0";"0.0";"0.0";"0.0";"0.0";"0.0";"0.0";"0.0";"0.0";"0.0";"0.0";"0.0";"0.0";"0.0";"0.0";"0.0";"0.0";"0.0";"0.0";"0.0";"0.0";"0.0";"0.0";"0.0";"0.0";"0.0"
"Altersgerechtes Angebot für Kinder im Alter von ein bis zwölf Jahren mit attrakti-
ven Menüs";"0.0";"0.0";"0.0";"0.0";"0.0";"0.0";"0.0";"0.0";"0.0";"0.0";"0.0";"0.0";"0.0";"0.0";"0.0";"0.0";"0.0";"0.0";"0.0";"0.0";"0.0";"0.0";"0.0";"0.0";"0.0";"0.0";"0.0";"0.0";"0.0";"0.0";"0.0";"0.0";"0.0";"0.0";"0.0";"0.0";"0.0";"0.0";"0.0";"0.0";"0.0";"0.0";"0.0";"0.0";"0.0";"0.0";"0.0";"0.0";"0.0";"0.0";"0.0";"0.0";"0.0";"0.0";"0.0";"0.0";"0.0";"0.0";"0.0";"0.0";"0.0";"0.0";"0.0";"0.0";"0.0";"0.0";"0.0";"0.0"
"Bericht einer Ernährungsfachperson bezüglich Nährwert und Menüplanung (maximal 

eine A4-Seite)";"0.0";"0.0";"0.0";"0.0";"0.0";"0.0";"0.0";"0.0";"0.0";"0.0";"0.0";"0.0";"0.0";"0.0";"0.0";"0.0";"0.0";"0.0";"0.0";"0.0";"0.0";"0.0";"0.0";"0.0";"0.0";"0.0";"0.0";"0.0";"0.0";"0.0";"0.0";"0.0";"0.0";"0.0";"0.0";"0.0";"0.0";"0.0";"0.0";"0.0";"0.0";"0.0";"0.0";"0.0";"0.0";"0.0";"0.0";"0.0";"0.0";"0.0";"0.0";"0.0";"0.0";"0.0";"0.0";"0.0";"0.0";"0.0";"0.0";"0.0";"0.0";"0.0";"0.0";"0.0";"0.0";"0.0";"0.0";"0.0"
"Vegetarische Komponenten";"0.0";"0.0";"0.0";"0.0";"0.0";"0.0";"0.0";"0.0";"0.0";"0.0";"0.0";"0.0";"0.0";"0.0";"0.0";"0.0";"0.0";"0.0";"0.0";"0.0";"0.0";"0.0";"0.0";"0.0";"0.0";"0.0";"0.0";"0.0";"0.0";"0.0";"0.0";"0.0";"0.0";"0.0";"0.0";"0.0";"0.0";"0.0";"0.0";"0.0";"0.0";"0.0";"0.0";"0.0";"0.0";"0.0";"0.0";"0.0";"0.0";"0.0";"0.0";"0.0";"0.0";"0.0";"0.0";"0.0";"0.0";"0.0";"0.0";"0.0";"0.0";"0.0";"0.0";"0.0";"0.0";"0.0";"0.0";"0.0"
"Regionale und saisonale Produkte";"0.0";"0.0";"0.0";"0.0";"0.0";"0.0";"0.0";"0.0";"0.0";"0.0";"0.0";"0.0";"0.0";"0.0";"0.0";"0.0";"0.0";"0.0";"0.0";"0.0";"0.0";"0.0";"0.0";"0.0";"0.0";"0.0";"0.0";"0.0";"0.0";"0.0";"0.0";"0.0";"0.0";"0.0";"0.0";"0.0";"0.0";"0.0";"0.0";"0.0";"0.0";"0.0";"0.0";"0.0";"0.0";"0.0";"0.0";"0.0";"0.0";"0.0";"0.0";"0.0";"0.0";"0.0";"0.0";"0.0";"0.0";"0.0";"0.0";"0.0";"0.0";"0.0";"0.0";"0.0";"0.0";"0.0";"0.0";"0.0"
"Minimierung von Foodwaste";"0.0";"0.0";"0.0";"0.0";"0.0";"0.0";"0.0";"0.0";"0.0";"0.0";"0.0";"0.0";"0.0";"0.0";"0.0";"0.0";"0.0";"0.0";"0.0";"0.0";"0.0";"0.0";"0.0";"0.0";"0.0";"0.0";"0.0";"0.0";"0.0";"0.0";"0.0";"0.0";"0.0";"0.0";"0.0";"0.0";"0.0";"0.0";"0.0";"0.0";"0.0";"0.0";"0.0";"0.0";"0.0";"0.0";"0.0";"0.0";"0.0";"0.0";"0.0";"0.0";"0.0";"0.0";"0.0";"0.0";"0.0";"0.0";"0.0";"0.0";"0.0";"0.0";"0.0";"0.0";"0.0";"0.0";"0.0";"0.0"
"Nachhaltige Verpackung / Gebinde";"0.0";"0.0";"0.0";"0.0";"0.0";"0.0";"0.0";"0.0";"0.0";"0.0";"0.0";"0.0";"0.0";"0.0";"0.0";"0.0";"0.0";"0.0";"0.0";"0.0";"0.0";"0.0";"0.0";"0.0";"0.0";"0.0";"0.0";"0.0";"0.0";"0.0";"0.0";"0.0";"0.0";"0.0";"0.0";"0.0";"0.0";"0.0";"0.0";"0.0";"0.0";"0.0";"0.0";"0.0";"0.0";"0.0";"0.0";"0.0";"0.0";"0.0";"0.0";"0.0";"0.0";"0.0";"0.0";"0.0";"0.0";"0.0";"0.0";"0.0";"0.0";"0.0";"0.0";"0.0";"0.0";"0.0";"0.0";"0.0"
"Allergiker- Report im Webshop";"0.0";"0.0";"0.0";"0.0";"0.0";"0.0";"0.0";"0.0";"0.0";"0.0";"0.0";"0.0";"0.0";"0.0";"0.0";"0.0";"0.0";"0.0";"0.0";"0.0";"0.0";"0.0";"0.0";"0.0";"0.0";"0.0";"0.0";"0.0";"0.0";"0.0";"0.0";"0.0";"0.0";"0.0";"0.0";"0.0";"0.0";"0.0";"0.0";"0.0";"0.0";"0.0";"0.0";"0.0";"0.0";"0.0";"0.0";"0.0";"0.0";"0.0";"0.0";"0.0";"0.0";"0.0";"0.0";"0.0";"0.0";"0.0";"0.0";"0.0";"0.0";"0.0";"0.0";"0.0";"0.0";"0.0";"0.0";"0.0"
"Umweltgerechte Fahrzeuge mit tie-
fem Treibstoffverbrauch sind im Einsatz.";"0.0";"0.0";"0.0";"0.0";"0.0";"0.0";"0.0";"0.0";"0.0";"0.0";"0.0";"0.0";"0.0";"0.0";"0.0";"0.0";"0.0";"0.0";"0.0";"0.0";"0.0";"0.0";"0.0";"0.0";"0.0";"0.0";"0.0";"0.0";"0.0";"0.0";"0.0";"0.0";"0.0";"0.0";"0.0";"0.0";"0.0";"0.0";"0.0";"0.0";"0.0";"0.0";"0.0";"0.0";"0.0";"0.0";"0.0";"0.0";"0.0";"0.0";"0.0";"0.0";"0.0";"0.0";"0.0";"0.0";"0.0";"0.0";"0.0";"0.0";"0.0";"0.0";"0.0";"0.0";"0.0";"0.0";"0.0";"0.0"
"Kitas und Tagesschulen nehmen Kinder ab Geburt bis 16 Jahren auf; aus allen sozialen Schichten, mit unterschiedlichster Herkunft, Kultur und Religion.";"0.0";"0.0";"0.0";"0.0";"0.0";"0.0";"0.0";"0.0";"0.0";"0.0";"0.0";"0.0";"0.0";"0.0";"0.0";"0.0";"0.0";"0.0";"0.0";"0.0";"0.0";"0.0";"0.0";"0.0";"0.0";"0.0";"0.0";"0.0";"0.0";"0.0";"0.0";"0.0";"0.0";"0.0";"0.0";"0.0";"0.0";"0.0";"0.0";"0.0";"0.0";"0.0";"0.0";"0.0";"0.0";"0.0";"0.0";"0.0";"0.0";"0.0";"0.0";"0.0";"0.0";"0.0";"0.0";"0.0";"0.0";"0.0";"0.0";"0.0";"0.0";"0.0";"0.0";"0.0";"0.0";"0.0";"0.0";"0.0"
"Die Implementierung des Reglements «Gesunde Ernährung an den Bieler Betreuungsstrukturen» hat seinen Ursprung in einer städtischen Volksinitiative.";"0.0";"0.0";"0.0";"0.0";"0.0";"0.0";"0.0";"0.0";"0.0";"0.0";"0.0";"0.0";"0.0";"0.0";"0.0";"0.0";"0.0";"0.0";"0.0";"0.0";"0.0";"0.0";"0.0";"0.0";"0.0";"0.0";"0.0";"0.0";"0.0";"0.0";"0.0";"0.0";"0.0";"0.0";"0.0";"0.0";"0.0";"0.0";"0.0";"0.0";"0.0";"0.0";"0.0";"0.0";"0.0";"0.0";"0.0";"0.0";"0.0";"0.0";"0.0";"0.0";"0.0";"0.0";"0.0";"0.0";"0.0";"0.0";"0.0";"0.0";"0.0";"0.0";"0.0";"0.0";"0.0";"0.0";"0.0";"0.0"
"Die Qualität soll über die Einführung der «Kalten Linie Biel» gewährleistet werden.";"0.0";"0.0";"0.0";"0.0";"0.0";"0.0";"0.0";"0.0";"0.0";"0.0";"0.0";"0.0";"0.0";"0.0";"0.0";"0.0";"0.0";"0.0";"0.0";"0.0";"0.0";"0.0";"0.0";"0.0";"0.0";"0.0";"0.0";"0.0";"0.0";"0.0";"0.0";"0.0";"0.0";"0.0";"0.0";"0.0";"0.0";"0.0";"0.0";"0.0";"0.0";"0.0";"0.0";"0.0";"0.0";"0.0";"0.0";"0.0";"0.0";"0.0";"0.0";"0.0";"0.0";"0.0";"0.0";"0.0";"0.0";"0.0";"0.0";"0.0";"0.0";"0.0";"0.0";"0.0";"0.0";"0.0";"0.0";"0.0"
"Mittels einer zentralen Produktion werden reglementkonform die Mittagsmahlzeiten wie auch zum Teil die Zwischenmahlzeiten produziert.";"0.0";"0.0";"0.0";"0.0";"0.0";"0.0";"0.0";"0.0";"0.0";"0.0";"0.0";"0.0";"0.0";"0.0";"0.0";"0.0";"0.0";"0.0";"0.0";"0.0";"0.0";"0.0";"0.0";"0.0";"0.0";"0.0";"0.0";"0.0";"0.0";"0.0";"0.0";"0.0";"0.0";"0.0";"0.0";"0.0";"0.0";"0.0";"0.0";"0.0";"0.0";"0.0";"0.0";"0.0";"0.0";"0.0";"0.0";"0.0";"0.0";"0.0";"0.0";"0.0";"0.0";"0.0";"0.0";"0.0";"0.0";"0.0";"0.0";"0.0";"0.0";"0.0";"0.0";"0.0";"0.0";"0.0";"0.0";"0.0"
"Die Standorte werden so eingerichtet, dass die Menüs mittels Steamer effizient und schonend regeneriert werden können.";"0.0";"0.0";"0.0";"0.0";"0.0";"0.0";"0.0";"0.0";"0.0";"0.0";"0.0";"0.0";"0.0";"0.0";"0.0";"0.0";"0.0";"0.0";"0.0";"0.0";"0.0";"0.0";"0.0";"0.0";"0.0";"0.0";"0.0";"0.0";"0.0";"0.0";"0.0";"0.0";"0.0";"0.0";"0.0";"0.0";"0.0";"0.0";"0.0";"0.0";"0.0";"0.0";"0.0";"0.0";"0.0";"0.0";"0.0";"0.0";"0.0";"0.0";"0.0";"0.0";"0.0";"0.0";"0.0";"0.0";"0.0";"0.0";"0.0";"0.0";"0.0";"0.0";"0.0";"0.0";"0.0";"0.0";"0.0";"0.0"
"Je nach Entscheid kann es sein, dass die 5 Standorte, die aktuell über eine eigene Produktionsküche verfügen, als Übergangslösung weiterhin für sich selbst kochen.";"0.0";"0.0";"0.0";"0.0";"0.0";"0.0";"0.0";"0.0";"0.0";"0.0";"0.0";"0.0";"0.0";"0.0";"0.0";"0.0";"0.0";"0.0";"0.0";"0.0";"0.0";"0.0";"0.0";"0.0";"0.0";"0.0";"0.0";"0.0";"0.0";"0.0";"0.0";"0.0";"0.0";"0.0";"0.0";"0.0";"0.0";"0.0";"0.0";"0.0";"0.0";"0.0";"0.0";"0.0";"0.0";"0.0";"0.0";"0.0";"0.0";"0.0";"0.0";"0.0";"0.0";"0.0";"0.0";"0.0";"0.0";"0.0";"0.0";"0.0";"0.0";"0.0";"0.0";"0.0";"0.0";"0.0";"0.0";"0.0"
"Eine Zusammenarbeit mit weiteren Partnern ist in der Offerte offen zu legen.";"0.0";"0.0";"0.0";"0.0";"0.0";"0.0";"0.0";"0.0";"0.0";"0.0";"0.0";"0.0";"0.0";"0.0";"0.0";"0.0";"0.0";"0.0";"0.0";"0.0";"0.0";"0.0";"0.0";"0.0";"0.0";"0.0";"0.0";"0.0";"0.0";"0.0";"0.0";"0.0";"0.0";"0.0";"0.0";"0.0";"0.0";"0.0";"0.0";"0.0";"0.0";"0.0";"0.0";"0.0";"0.0";"0.0";"0.0";"0.0";"0.0";"0.0";"0.0";"0.0";"0.0";"0.0";"0.0";"0.0";"0.0";"0.0";"0.0";"0.0";"0.0";"0.0";"0.0";"0.0";"0.0";"0.0";"0.0";"0.0"
"Sie produzieren warm zu servierende Speisen zu 70% mittels «Cook and chill».";"0.0";"0.0";"0.0";"0.0";"0.0";"0.0";"0.0";"0.0";"0.0";"0.0";"0.0";"0.0";"0.0";"0.0";"0.0";"0.0";"0.0";"0.0";"0.0";"0.0";"0.0";"0.0";"0.0";"0.0";"0.0";"0.0";"0.0";"0.0";"0.0";"0.0";"0.0";"0.0";"0.0";"0.0";"0.0";"0.0";"0.0";"0.0";"0.0";"0.0";"0.0";"0.0";"0.0";"0.0";"0.0";"0.0";"0.0";"0.0";"0.0";"0.0";"0.0";"0.0";"0.0";"0.0";"0.0";"0.0";"0.0";"0.0";"0.0";"0.0";"0.0";"0.0";"0.0";"0.0";"0.0";"0.0";"0.0";"0.0"
"Die anderen 30% verteilen sich auf Produktionsarten wie «Schockfrosten», «Sous-vide», «hot fill» oder Weiteres.";"0.0";"0.0";"0.0";"0.0";"0.0";"0.0";"0.0";"0.0";"0.0";"0.0";"0.0";"0.0";"0.0";"0.0";"0.0";"0.0";"0.0";"0.0";"0.0";"0.0";"0.0";"0.0";"0.0";"0.0";"0.0";"0.0";"0.0";"0.0";"0.0";"0.0";"0.0";"0.0";"0.0";"0.0";"0.0";"0.0";"0.0";"0.0";"0.0";"0.0";"0.0";"0.0";"0.0";"0.0";"0.0";"0.0";"0.0";"0.0";"0.0";"0.0";"0.0";"0.0";"0.0";"0.0";"0.0";"0.0";"0.0";"0.0";"0.0";"0.0";"0.0";"0.0";"0.0";"0.0";"0.0";"0.0";"0.0";"0.0"
"Sie liefern die nötige Anzahl Menüs pro Tag.";"0.0";"0.0";"0.0";"0.0";"0.0";"0.0";"0.0";"0.0";"0.0";"0.0";"0.0";"0.0";"0.0";"0.0";"0.0";"0.0";"0.0";"0.0";"0.0";"0.0";"0.0";"0.0";"0.0";"0.0";"0.0";"0.0";"0.0";"0.0";"0.0";"0.0";"0.0";"0.0";"0.0";"0.0";"0.0";"0.0";"0.0";"0.0";"0.0";"0.0";"0.0";"0.0";"0.0";"0.0";"0.0";"0.0";"0.0";"0.0";"0.0";"0.0";"0.0";"0.0";"0.0";"0.0";"0.0";"0.0";"0.0";"0.0";"0.0";"0.0";"0.0";"0.0";"0.0";"0.0";"0.0";"0.0";"0.0";"0.0"
"Die Kühlkette muss gewährleistet sein; die Qualität der Nahrung darf sich durch den Transport nicht vermindern.";"0.0";"0.0";"0.0";"0.0";"0.0";"0.0";"0.0";"0.0";"0.0";"0.0";"0.0";"0.0";"0.0";"0.0";"0.0";"0.0";"0.0";"0.0";"0.0";"0.0";"0.0";"0.0";"0.0";"0.0";"0.0";"0.0";"0.0";"0.0";"0.0";"0.0";"0.0";"0.0";"0.0";"0.0";"0.0";"0.0";"0.0";"0.0";"0.0";"0.0";"0.0";"0.0";"0.0";"0.0";"0.0";"0.0";"0.0";"0.0";"0.0";"0.0";"0.0";"0.0";"0.0";"0.0";"0.0";"0.0";"0.0";"0.0";"0.0";"0.0";"0.0";"0.0";"0.0";"0.0";"0.0";"0.0";"0.0";"0.0"
"Sie achten auf sparsamen Einsatz von Zucker und Salz.";"0.0";"0.0";"0.0";"0.0";"0.0";"0.0";"0.0";"0.0";"0.0";"0.0";"0.0";"0.0";"0.0";"0.0";"0.0";"0.0";"0.0";"0.0";"0.0";"0.0";"0.0";"0.0";"0.0";"0.0";"0.0";"0.0";"0.0";"0.0";"0.0";"0.0";"0.0";"0.0";"0.0";"0.0";"0.0";"0.0";"0.0";"0.0";"0.0";"0.0";"0.0";"0.0";"0.0";"0.0";"0.0";"0.0";"0.0";"0.0";"0.0";"0.0";"0.0";"0.0";"0.0";"0.0";"0.0";"0.0";"0.0";"0.0";"0.0";"0.0";"0.0";"0.0";"0.0";"0.0";"0.0";"0.0";"0.0";"0.0"
"Als Mittagessen bieten Sie ein Hauptgericht bestehend aus: Eiweisskomponente, Stärkebeilage, Gemüse und/oder Salat.";"0.0";"0.0";"0.0";"0.0";"0.0";"0.0";"0.0";"0.0";"0.0";"0.0";"0.0";"0.0";"0.0";"0.0";"0.0";"0.0";"0.0";"0.0";"0.0";"0.0";"0.0";"0.0";"0.0";"0.0";"0.0";"0.0";"0.0";"0.0";"0.0";"0.0";"0.0";"0.0";"0.0";"0.0";"0.0";"0.0";"0.0";"0.0";"0.0";"0.0";"0.0";"0.0";"0.0";"0.0";"0.0";"0.0";"0.0";"0.0";"0.0";"0.0";"0.0";"0.0";"0.0";"0.0";"0.0";"0.0";"0.0";"0.0";"0.0";"0.0";"0.0";"0.0";"0.0";"0.0";"0.0";"0.0";"0.0";"0.0"
"Für Kinder mit Allergien kochen Sie spezielle Mahlzeiten.";"0.0";"0.0";"0.0";"0.0";"0.0";"0.0";"0.0";"0.0";"0.0";"0.0";"0.0";"0.0";"0.0";"0.0";"0.0";"0.0";"0.0";"0.0";"0.0";"0.0";"0.0";"0.0";"0.0";"0.0";"0.0";"0.0";"0.0";"0.0";"0.0";"0.0";"0.0";"0.0";"0.0";"0.0";"0.0";"0.0";"0.0";"0.0";"0.0";"0.0";"0.0";"0.0";"0.0";"0.0";"0.0";"0.0";"0.0";"0.0";"0.0";"0.0";"0.0";"0.0";"0.0";"0.0";"0.0";"0.0";"0.0";"0.0";"0.0";"0.0";"0.0";"0.0";"0.0";"0.0";"0.0";"0.0";"0.0";"0.0"
"Die Produktion folgt einer Ernährungsphilosophie auf Basis einer aktuellen wissenschaftlicher Grundlage.";"0.0";"0.0";"0.0";"0.0";"0.0";"0.0";"0.0";"0.0";"0.0";"0.0";"0.0";"0.0";"0.0";"0.0";"0.0";"0.0";"0.0";"0.0";"0.0";"0.0";"0.0";"0.0";"0.0";"0.0";"0.0";"0.0";"0.0";"0.0";"0.0";"0.0";"0.0";"0.0";"0.0";"0.0";"0.0";"0.0";"0.0";"0.0";"0.0";"0.0";"0.0";"0.0";"0.0";"0.0";"0.0";"0.0";"0.0";"0.0";"0.0";"0.0";"0.0";"0.0";"0.0";"0.0";"0.0";"0.0";"0.0";"0.0";"0.0";"0.0";"0.0";"0.0";"0.0";"0.0";"0.0";"0.0";"0.0";"0.0"
"Die Jury wird aufgrund eines Rankings die Punkte vergeben.";"0.0";"0.0";"0.0";"0.0";"0.0";"0.0";"0.0";"0.0";"0.0";"0.0";"0.0";"0.0";"0.0";"0.0";"0.0";"0.0";"0.0";"0.0";"0.0";"0.0";"0.0";"0.0";"0.0";"0.0";"0.0";"0.0";"0.0";"0.0";"0.0";"0.0";"0.0";"0.0";"0.0";"0.0";"0.0";"0.0";"0.0";"0.0";"0.0";"0.0";"0.0";"0.0";"0.0";"0.0";"0.0";"0.0";"0.0";"0.0";"0.0";"0.0";"0.0";"0.0";"0.0";"0.0";"0.0";"0.0";"0.0";"0.0";"0.0";"0.0";"0.0";"0.0";"0.0";"0.0";"0.0";"0.0";"0.0";"0.0"
"Der durchschnittliche Preis soll sich auf ein Jahr beziehen und die genannten Qualitätsanforderungen berücksichtigen.";"0.0";"0.0";"0.0";"0.0";"0.0";"0.0";"0.0";"0.0";"0.0";"0.0";"0.0";"0.0";"0.0";"0.0";"0.0";"0.0";"0.0";"0.0";"0.0";"0.0";"0.0";"0.0";"0.0";"0.0";"0.0";"0.0";"0.0";"0.0";"0.0";"0.0";"0.0";"0.0";"0.0";"0.0";"0.0";"0.0";"0.0";"0.0";"0.0";"0.0";"0.0";"0.0";"0.0";"0.0";"0.0";"0.0";"0.0";"0.0";"0.0";"0.0";"0.0";"0.0";"0.0";"0.0";"0.0";"0.0";"0.0";"0.0";"0.0";"0.0";"0.0";"0.0";"0.0";"0.0";"0.0";"0.0";"0.0";"0.0"
"Die Standorte verfügen über eine festgelegte Infrastruktur, die eine effiziente Lieferung ermöglicht.";"0.0";"0.0";"0.0";"0.0";"0.0";"0.0";"0.0";"0.0";"0.0";"0.0";"0.0";"0.0";"0.0";"0.0";"0.0";"0.0";"0.0";"0.0";"0.0";"0.0";"0.0";"0.0";"0.0";"0.0";"0.0";"0.0";"0.0";"0.0";"0.0";"0.0";"0.0";"0.0";"0.0";"0.0";"0.0";"0.0";"0.0";"0.0";"0.0";"0.0";"0.0";"0.0";"0.0";"0.0";"0.0";"0.0";"0.0";"0.0";"0.0";"0.0";"0.0";"0.0";"0.0";"0.0";"0.0";"0.0";"0.0";"0.0";"0.0";"0.0";"0.0";"0.0";"0.0";"0.0";"0.0";"0.0";"0.0";"0.0"
"Die Ausschreibung erfolgt nach dem offenen Verfahren gemäss Verordnung über das öffentliche Beschaffungswesen (ÖBV).";"0.0";"0.0";"0.0";"0.0";"0.0";"0.0";"0.0";"0.0";"0.0";"0.0";"0.0";"0.0";"0.0";"0.0";"0.0";"0.0";"0.0";"0.0";"0.0";"0.0";"0.0";"0.0";"0.0";"0.0";"0.0";"0.0";"0.0";"0.0";"0.0";"0.0";"0.0";"0.0";"0.0";"0.0";"0.0";"0.0";"0.0";"0.0";"0.0";"0.0";"0.0";"0.0";"0.0";"0.0";"0.0";"0.0";"0.0";"0.0";"0.0";"0.0";"0.0";"0.0";"0.0";"0.0";"0.0";"0.0";"0.0";"0.0";"0.0";"0.0";"0.0";"0.0";"0.0";"0.0";"0.0";"0.0";"0.0";"0.0"
"Eine jährliche Überprüfung der Qualität wird gemäss Reglement vorgeschrieben.";"0.0";"0.0";"0.0";"0.0";"0.0";"0.0";"0.0";"0.0";"0.0";"0.0";"0.0";"0.0";"0.0";"0.0";"0.0";"0.0";"0.0";"0.0";"0.0";"0.0";"0.0";"0.0";"0.0";"0.0";"0.0";"0.0";"0.0";"0.0";"0.0";"0.0";"0.0";"0.0";"0.0";"0.0";"0.0";"0.0";"0.0";"0.0";"0.0";"0.0";"0.0";"0.0";"0.0";"0.0";"0.0";"0.0";"0.0";"0.0";"0.0";"0.0";"0.0";"0.0";"0.0";"0.0";"0.0";"0.0";"0.0";"0.0";"0.0";"0.0";"0.0";"0.0";"0.0";"0.0";"0.0";"0.0";"0.0";"0.0"
"Die Ausschreibungsunterlagen bilden in ihrer Gesamtheit die Grundlage für die Evaluation des Vertragspartners.";"0.0";"0.0";"0.0";"0.0";"0.0";"0.0";"0.0";"0.0";"0.0";"0.0";"0.0";"0.0";"0.0";"0.0";"0.0";"0.0";"0.0";"0.0";"0.0";"0.0";"0.0";"0.0";"0.0";"0.0";"0.0";"0.0";"0.0";"0.0";"0.0";"0.0";"0.0";"0.0";"0.0";"0.0";"0.0";"0.0";"0.0";"0.0";"0.0";"0.0";"0.0";"0.0";"0.0";"0.0";"0.0";"0.0";"0.0";"0.0";"0.0";"0.0";"0.0";"0.0";"0.0";"0.0";"0.0";"0.0";"0.0";"0.0";"0.0";"0.0";"0.0";"0.0";"0.0";"0.0";"0.0";"0.0";"0.0";"0.0"
"Das vorliegende Pflichtenheft stellt dabei das Grunddokument der Ausschreibungsunterlagen dar.";"0.0";"0.0";"0.0";"0.0";"0.0";"0.0";"0.0";"0.0";"0.0";"0.0";"0.0";"0.0";"0.0";"0.0";"0.0";"0.0";"0.0";"0.0";"0.0";"0.0";"0.0";"0.0";"0.0";"0.0";"0.0";"0.0";"0.0";"0.0";"0.0";"0.0";"0.0";"0.0";"0.0";"0.0";"0.0";"0.0";"0.0";"0.0";"0.0";"0.0";"0.0";"0.0";"0.0";"0.0";"0.0";"0.0";"0.0";"0.0";"0.0";"0.0";"0.0";"0.0";"0.0";"0.0";"0.0";"0.0";"0.0";"0.0";"0.0";"0.0";"0.0";"0.0";"0.0";"0.0";"0.0";"0.0";"0.0";"0.0"
"Die Justizvollzugsanstalt Lenzburg betreibt eine eigene Küche, die die Mahlzeiten für die Insassen zubereitet.";"0.0";"0.0";"0.0";"0.0";"0.0";"0.0";"0.0";"0.0";"0.0";"0.0";"0.0";"0.0";"0.0";"0.0";"0.0";"0.0";"0.0";"0.0";"0.0";"0.0";"0.0";"0.0";"0.0";"0.0";"0.0";"0.0";"0.0";"0.0";"0.0";"0.0";"0.0";"0.0";"0.0";"0.0";"0.0";"0.0";"0.0";"0.0";"0.0";"0.0";"0.0";"0.0";"0.0";"0.0";"0.0";"0.0";"0.0";"0.0";"0.0";"0.0";"0.0";"0.0";"0.0";"0.0";"0.0";"0.0";"0.0";"0.0";"0.0";"0.0";"0.0";"0.0";"0.0";"0.0";"0.0";"0.0";"0.0";"0.0"
"Die benötigten Lebensmittel müssen teilweise extern eingekauft werden.";"0.0";"0.0";"0.0";"0.0";"0.0";"0.0";"0.0";"0.0";"0.0";"0.0";"0.0";"0.0";"0.0";"0.0";"0.0";"0.0";"0.0";"0.0";"0.0";"0.0";"0.0";"0.0";"0.0";"0.0";"0.0";"0.0";"0.0";"0.0";"0.0";"0.0";"0.0";"0.0";"0.0";"0.0";"0.0";"0.0";"0.0";"0.0";"0.0";"0.0";"0.0";"0.0";"0.0";"0.0";"0.0";"0.0";"0.0";"0.0";"0.0";"0.0";"0.0";"0.0";"0.0";"0.0";"0.0";"0.0";"0.0";"0.0";"0.0";"0.0";"0.0";"0.0";"0.0";"0.0";"0.0";"0.0";"0.0";"0.0"
"Der laufende Vertrag endet per 31. Dezember 2022, weshalb die Leistung neu ausgeschrieben wird.";"0.0";"0.0";"0.0";"0.0";"0.0";"0.0";"0.0";"0.0";"0.0";"0.0";"0.0";"0.0";"0.0";"0.0";"0.0";"0.0";"0.0";"0.0";"0.0";"0.0";"0.0";"0.0";"0.0";"0.0";"0.0";"0.0";"0.0";"0.0";"0.0";"0.0";"0.0";"0.0";"0.0";"0.0";"0.0";"0.0";"0.0";"0.0";"0.0";"0.0";"0.0";"0.0";"0.0";"0.0";"0.0";"0.0";"0.0";"0.0";"0.0";"0.0";"0.0";"0.0";"0.0";"0.0";"0.0";"0.0";"0.0";"0.0";"0.0";"0.0";"0.0";"0.0";"0.0";"0.0";"0.0";"0.0";"0.0";"0.0"
"Die Anlieferung der bestellten Ware erfolgt innert 3 Tagen, spätestens aber innert Wochenfrist.";"0.0";"0.0";"0.0";"0.0";"0.0";"0.0";"0.0";"0.0";"0.0";"0.0";"0.0";"0.0";"0.0";"0.0";"0.0";"0.0";"0.0";"0.0";"0.0";"0.0";"0.0";"0.0";"0.0";"0.0";"0.0";"0.0";"0.0";"0.0";"0.0";"0.0";"0.0";"0.0";"0.0";"0.0";"0.0";"0.0";"0.0";"0.0";"0.0";"0.0";"0.0";"0.0";"0.0";"0.0";"0.0";"0.0";"0.0";"0.0";"0.0";"0.0";"0.0";"0.0";"0.0";"0.0";"0.0";"0.0";"0.0";"0.0";"0.0";"0.0";"0.0";"0.0";"0.0";"0.0";"0.0";"0.0";"0.0";"0.0"
"Die Lieferzeiten sind Montag bis Freitag, jeweils von 07:30 bis 10:30 Uhr und von 13:30 bis 15:00 Uhr.";"0.0";"0.0";"0.0";"0.0";"0.0";"0.0";"0.0";"0.0";"0.0";"0.0";"0.0";"0.0";"0.0";"0.0";"0.0";"0.0";"0.0";"0.0";"0.0";"0.0";"0.0";"0.0";"0.0";"0.0";"0.0";"0.0";"0.0";"0.0";"0.0";"0.0";"0.0";"0.0";"0.0";"0.0";"0.0";"0.0";"0.0";"0.0";"0.0";"0.0";"0.0";"0.0";"0.0";"0.0";"0.0";"0.0";"0.0";"0.0";"0.0";"0.0";"0.0";"0.0";"0.0";"0.0";"0.0";"0.0";"0.0";"0.0";"0.0";"0.0";"0.0";"0.0";"0.0";"0.0";"0.0";"0.0";"0.0";"0.0"
"Mangelhafte Waren hat der Anbieter umgehend zu ersetzen.";"0.0";"0.0";"0.0";"0.0";"0.0";"0.0";"0.0";"0.0";"0.0";"0.0";"0.0";"0.0";"0.0";"0.0";"0.0";"0.0";"0.0";"0.0";"0.0";"0.0";"0.0";"0.0";"0.0";"0.0";"0.0";"0.0";"0.0";"0.0";"0.0";"0.0";"0.0";"0.0";"0.0";"0.0";"0.0";"0.0";"0.0";"0.0";"0.0";"0.0";"0.0";"0.0";"0.0";"0.0";"0.0";"0.0";"0.0";"0.0";"0.0";"0.0";"0.0";"0.0";"0.0";"0.0";"0.0";"0.0";"0.0";"0.0";"0.0";"0.0";"0.0";"0.0";"0.0";"0.0";"0.0";"0.0";"0.0";"0.0"
"Die Vergabestelle garantiert kein Auftragsvolumen für die Fleischwaren-Lieferungen.";"0.0";"0.0";"0.0";"0.0";"0.0";"0.0";"0.0";"0.0";"0.0";"0.0";"0.0";"0.0";"0.0";"0.0";"0.0";"0.0";"0.0";"0.0";"0.0";"0.0";"0.0";"0.0";"0.0";"0.0";"0.0";"0.0";"0.0";"0.0";"0.0";"0.0";"0.0";"0.0";"0.0";"0.0";"0.0";"0.0";"0.0";"0.0";"0.0";"0.0";"0.0";"0.0";"0.0";"0.0";"0.0";"0.0";"0.0";"0.0";"0.0";"0.0";"0.0";"0.0";"0.0";"0.0";"0.0";"0.0";"0.0";"0.0";"0.0";"0.0";"0.0";"0.0";"0.0";"0.0";"0.0";"0.0";"0.0";"0.0"
"Die Evaluation erfolgt durch Mitarbeitende des Amts für Justizvollzug und weitere Mitarbeitende des Kantons Aargau.";"0.0";"0.0";"0.0";"0.0";"0.0";"0.0";"0.0";"0.0";"0.0";"0.0";"0.0";"0.0";"0.0";"0.0";"0.0";"0.0";"0.0";"0.0";"0.0";"0.0";"0.0";"0.0";"0.0";"0.0";"0.0";"0.0";"0.0";"0.0";"0.0";"0.0";"0.0";"0.0";"0.0";"0.0";"0.0";"0.0";"0.0";"0.0";"0.0";"0.0";"0.0";"0.0";"0.0";"0.0";"0.0";"0.0";"0.0";"0.0";"0.0";"0.0";"0.0";"0.0";"0.0";"0.0";"0.0";"0.0";"0.0";"0.0";"0.0";"0.0";"0.0";"0.0";"0.0";"0.0";"0.0";"0.0";"0.0";"0.0"
"Fehlende Angaben führen dazu, dass die Offerte nicht berücksichtigt wird.";"0.0";"0.0";"0.0";"0.0";"0.0";"0.0";"0.0";"0.0";"0.0";"0.0";"0.0";"0.0";"0.0";"0.0";"0.0";"0.0";"0.0";"0.0";"0.0";"0.0";"0.0";"0.0";"0.0";"0.0";"0.0";"0.0";"0.0";"0.0";"0.0";"0.0";"0.0";"0.0";"0.0";"0.0";"0.0";"0.0";"0.0";"0.0";"0.0";"0.0";"0.0";"0.0";"0.0";"0.0";"0.0";"0.0";"0.0";"0.0";"0.0";"0.0";"0.0";"0.0";"0.0";"0.0";"0.0";"0.0";"0.0";"0.0";"0.0";"0.0";"0.0";"0.0";"0.0";"0.0";"0.0";"0.0";"0.0";"0.0"
"Die Offerten werden nach festgelegten Zuschlagskriterien bewertet.";"0.0";"0.0";"0.0";"0.0";"0.0";"0.0";"0.0";"0.0";"0.0";"0.0";"0.0";"0.0";"0.0";"0.0";"0.0";"0.0";"0.0";"0.0";"0.0";"0.0";"0.0";"0.0";"0.0";"0.0";"0.0";"0.0";"0.0";"0.0";"0.0";"0.0";"0.0";"0.0";"0.0";"0.0";"0.0";"0.0";"0.0";"0.0";"0.0";"0.0";"0.0";"0.0";"0.0";"0.0";"0.0";"0.0";"0.0";"0.0";"0.0";"0.0";"0.0";"0.0";"0.0";"0.0";"0.0";"0.0";"0.0";"0.0";"0.0";"0.0";"0.0";"0.0";"0.0";"0.0";"0.0";"0.0";"0.0";"0.0"
"Die Bewertung erfolgt anhand der Kriterien Preis, Qualität, Nachhaltigkeit und Referenzen.";"0.0";"0.0";"0.0";"0.0";"0.0";"0.0";"0.0";"0.0";"0.0";"0.0";"0.0";"0.0";"0.0";"0.0";"0.0";"0.0";"0.0";"0.0";"0.0";"0.0";"0.0";"0.0";"0.0";"0.0";"0.0";"0.0";"0.0";"0.0";"0.0";"0.0";"0.0";"0.0";"0.0";"0.0";"0.0";"0.0";"0.0";"0.0";"0.0";"0.0";"0.0";"0.0";"0.0";"0.0";"0.0";"0.0";"0.0";"0.0";"0.0";"0.0";"0.0";"0.0";"0.0";"0.0";"0.0";"0.0";"0.0";"0.0";"0.0";"0.0";"0.0";"0.0";"0.0";"0.0";"0.0";"0.0";"0.0";"0.0"
"Der Anbieter verpflichtet sich, die geltenden Arbeitsschutzbestimmungen einzuhalten.";"0.0";"0.0";"0.0";"0.0";"0.0";"0.0";"0.0";"0.0";"0.0";"0.0";"0.0";"0.0";"0.0";"0.0";"0.0";"0.0";"0.0";"0.0";"0.0";"0.0";"0.0";"0.0";"0.0";"0.0";"0.0";"0.0";"0.0";"0.0";"0.0";"0.0";"0.0";"0.0";"0.0";"0.0";"0.0";"0.0";"0.0";"0.0";"0.0";"0.0";"0.0";"0.0";"0.0";"0.0";"0.0";"0.0";"0.0";"0.0";"0.0";"0.0";"0.0";"0.0";"0.0";"0.0";"0.0";"0.0";"0.0";"0.0";"0.0";"0.0";"0.0";"0.0";"0.0";"0.0";"0.0";"0.0";"0.0";"0.0"
"Die gelieferten Lebensmittel müssen in guter, handelsüblicher Qualität sein.";"0.0";"0.0";"0.0";"0.0";"0.0";"0.0";"0.0";"0.0";"0.0";"0.0";"0.0";"0.0";"0.0";"0.0";"0.0";"0.0";"0.0";"0.0";"0.0";"0.0";"0.0";"0.0";"0.0";"0.0";"0.0";"0.0";"0.0";"0.0";"0.0";"0.0";"0.0";"0.0";"0.0";"0.0";"0.0";"0.0";"0.0";"0.0";"0.0";"0.0";"0.0";"0.0";"0.0";"0.0";"0.0";"0.0";"0.0";"0.0";"0.0";"0.0";"0.0";"0.0";"0.0";"0.0";"0.0";"0.0";"0.0";"0.0";"0.0";"0.0";"0.0";"0.0";"0.0";"0.0";"0.0";"0.0";"0.0";"0.0"
"Die Offerte ist in deutscher Sprache einzureichen.";"0.0";"0.0";"0.0";"0.0";"0.0";"0.0";"0.0";"0.0";"0.0";"0.0";"0.0";"0.0";"0.0";"0.0";"0.0";"0.0";"0.0";"0.0";"0.0";"0.0";"0.0";"0.0";"0.0";"0.0";"0.0";"0.0";"0.0";"0.0";"0.0";"0.0";"0.0";"0.0";"0.0";"0.0";"0.0";"0.0";"0.0";"0.0";"0.0";"0.0";"0.0";"0.0";"0.0";"0.0";"0.0";"0.0";"0.0";"0.0";"0.0";"0.0";"0.0";"0.0";"0.0";"0.0";"0.0";"0.0";"0.0";"0.0";"0.0";"0.0";"0.0";"0.0";"0.0";"0.0";"0.0";"0.0";"0.0";"0.0"
"Die Vergabestelle behält sich das Recht vor, die Submission abzubrechen oder nur teilweise zu realisieren.";"0.0";"0.0";"0.0";"0.0";"0.0";"0.0";"0.0";"0.0";"0.0";"0.0";"0.0";"0.0";"0.0";"0.0";"0.0";"0.0";"0.0";"0.0";"0.0";"0.0";"0.0";"0.0";"0.0";"0.0";"0.0";"0.0";"0.0";"0.0";"0.0";"0.0";"0.0";"0.0";"0.0";"0.0";"0.0";"0.0";"0.0";"0.0";"0.0";"0.0";"0.0";"0.0";"0.0";"0.0";"0.0";"0.0";"0.0";"0.0";"0.0";"0.0";"0.0";"0.0";"0.0";"0.0";"0.0";"0.0";"0.0";"0.0";"0.0";"0.0";"0.0";"0.0";"0.0";"0.0";"0.0";"0.0";"0.0";"0.0"
"Der Anbieter haftet für Schäden, die durch seine Hilfspersonen oder Subunternehmer verursacht werden.";"0.0";"0.0";"0.0";"0.0";"0.0";"0.0";"0.0";"0.0";"0.0";"0.0";"0.0";"0.0";"0.0";"0.0";"0.0";"0.0";"0.0";"0.0";"0.0";"0.0";"0.0";"0.0";"0.0";"0.0";"0.0";"0.0";"0.0";"0.0";"0.0";"0.0";"0.0";"0.0";"0.0";"0.0";"0.0";"0.0";"0.0";"0.0";"0.0";"0.0";"0.0";"0.0";"0.0";"0.0";"0.0";"0.0";"0.0";"0.0";"0.0";"0.0";"0.0";"0.0";"0.0";"0.0";"0.0";"0.0";"0.0";"0.0";"0.0";"0.0";"0.0";"0.0";"0.0";"0.0";"0.0";"0.0";"0.0";"0.0"
"Die Ausschreibung erfolgt nach den Bestimmungen der Interkantonalen Vereinbarung über das öffentliche Beschaffungswesen.";"0.0";"0.0";"0.0";"0.0";"0.0";"0.0";"0.0";"0.0";"0.0";"0.0";"0.0";"0.0";"0.0";"0.0";"0.0";"0.0";"0.0";"0.0";"0.0";"0.0";"0.0";"0.0";"0.0";"0.0";"0.0";"0.0";"0.0";"0.0";"0.0";"0.0";"0.0";"0.0";"0.0";"0.0";"0.0";"0.0";"0.0";"0.0";"0.0";"0.0";"0.0";"0.0";"0.0";"0.0";"0.0";"0.0";"0.0";"0.0";"0.0";"0.0";"0.0";"0.0";"0.0";"0.0";"0.0";"0.0";"0.0";"0.0";"0.0";"0.0";"0.0";"0.0";"0.0";"0.0";"0.0";"0.0";"0.0";"0.0"
"Die Mittagsverpflegung wird für drei schulergänzende Betreuungseinrichtungen und zwei Kindertagesstätten bereitgestellt.";"0.0";"0.0";"0.0";"0.0";"0.0";"0.0";"0.0";"0.0";"0.0";"0.0";"0.0";"0.0";"0.0";"0.0";"0.0";"0.0";"0.0";"0.0";"0.0";"0.0";"0.0";"0.0";"0.0";"0.0";"0.0";"0.0";"0.0";"0.0";"0.0";"0.0";"0.0";"0.0";"0.0";"0.0";"0.0";"0.0";"0.0";"0.0";"0.0";"0.0";"0.0";"0.0";"0.0";"0.0";"0.0";"0.0";"0.0";"0.0";"0.0";"0.0";"0.0";"0.0";"0.0";"0.0";"0.0";"0.0";"0.0";"0.0";"0.0";"0.0";"0.0";"0.0";"0.0";"0.0";"0.0";"0.0";"0.0";"0.0"
"Der Auftrag umfasst die Kaltanlieferung der Mahlzeiten mit anschließender Regeneration vor Ort.";"0.0";"0.0";"0.0";"0.0";"0.0";"0.0";"0.0";"0.0";"0.0";"0.0";"0.0";"0.0";"0.0";"0.0";"0.0";"0.0";"0.0";"0.0";"0.0";"0.0";"0.0";"0.0";"0.0";"0.0";"0.0";"0.0";"0.0";"0.0";"0.0";"0.0";"0.0";"0.0";"0.0";"0.0";"0.0";"0.0";"0.0";"0.0";"0.0";"0.0";"0.0";"0.0";"0.0";"0.0";"0.0";"0.0";"0.0";"0.0";"0.0";"0.0";"0.0";"0.0";"0.0";"0.0";"0.0";"0.0";"0.0";"0.0";"0.0";"0.0";"0.0";"0.0";"0.0";"0.0";"0.0";"0.0";"0.0";"0.0"
"Die gelieferten Speisen sollen altersgerecht, abwechslungsreich und ernährungswissenschaftlich fundiert sein.";"0.0";"0.0";"0.0";"0.0";"0.0";"0.0";"0.0";"0.0";"0.0";"0.0";"0.0";"0.0";"0.0";"0.0";"0.0";"0.0";"0.0";"0.0";"0.0";"0.0";"0.0";"0.0";"0.0";"0.0";"0.0";"0.0";"0.0";"0.0";"0.0";"0.0";"0.0";"0.0";"0.0";"0.0";"0.0";"0.0";"0.0";"0.0";"0.0";"0.0";"0.0";"0.0";"0.0";"0.0";"0.0";"0.0";"0.0";"0.0";"0.0";"0.0";"0.0";"0.0";"0.0";"0.0";"0.0";"0.0";"0.0";"0.0";"0.0";"0.0";"0.0";"0.0";"0.0";"0.0";"0.0";"0.0";"0.0";"0.0"
"Die Lieferung erfolgt an bis zu fünf Standorte von Montag bis Freitag.";"0.0";"0.0";"0.0";"0.0";"0.0";"0.0";"0.0";"0.0";"0.0";"0.0";"0.0";"0.0";"0.0";"0.0";"0.0";"0.0";"0.0";"0.0";"0.0";"0.0";"0.0";"0.0";"0.0";"0.0";"0.0";"0.0";"0.0";"0.0";"0.0";"0.0";"0.0";"0.0";"0.0";"0.0";"0.0";"0.0";"0.0";"0.0";"0.0";"0.0";"0.0";"0.0";"0.0";"0.0";"0.0";"0.0";"0.0";"0.0";"0.0";"0.0";"0.0";"0.0";"0.0";"0.0";"0.0";"0.0";"0.0";"0.0";"0.0";"0.0";"0.0";"0.0";"0.0";"0.0";"0.0";"0.0";"0.0";"0.0"
"Der Vertrag tritt ab dem 1. Juni 2023 für eine Dauer von drei Jahren in Kraft.";"0.0";"0.0";"0.0";"0.0";"0.0";"0.0";"0.0";"0.0";"0.0";"0.0";"0.0";"0.0";"0.0";"0.0";"0.0";"0.0";"0.0";"0.0";"0.0";"0.0";"0.0";"0.0";"0.0";"0.0";"0.0";"0.0";"0.0";"0.0";"0.0";"0.0";"0.0";"0.0";"0.0";"0.0";"0.0";"0.0";"0.0";"0.0";"0.0";"0.0";"0.0";"0.0";"0.0";"0.0";"0.0";"0.0";"0.0";"0.0";"0.0";"0.0";"0.0";"0.0";"0.0";"0.0";"0.0";"0.0";"0.0";"0.0";"0.0";"0.0";"0.0";"0.0";"0.0";"0.0";"0.0";"0.0";"0.0";"0.0"
"Die Option zur Verlängerung des Vertrags um zweimal ein Jahr besteht.";"0.0";"0.0";"0.0";"0.0";"0.0";"0.0";"0.0";"0.0";"0.0";"0.0";"0.0";"0.0";"0.0";"0.0";"0.0";"0.0";"0.0";"0.0";"0.0";"0.0";"0.0";"0.0";"0.0";"0.0";"0.0";"0.0";"0.0";"0.0";"0.0";"0.0";"0.0";"0.0";"0.0";"0.0";"0.0";"0.0";"0.0";"0.0";"0.0";"0.0";"0.0";"0.0";"0.0";"0.0";"0.0";"0.0";"0.0";"0.0";"0.0";"0.0";"0.0";"0.0";"0.0";"0.0";"0.0";"0.0";"0.0";"0.0";"0.0";"0.0";"0.0";"0.0";"0.0";"0.0";"0.0";"0.0";"0.0";"0.0"
"Die Verpflegung wird während 38 Schulwochen an Betreuungseinrichtungen geliefert.";"0.0";"0.0";"0.0";"0.0";"0.0";"0.0";"0.0";"0.0";"0.0";"0.0";"0.0";"0.0";"0.0";"0.0";"0.0";"0.0";"0.0";"0.0";"0.0";"0.0";"0.0";"0.0";"0.0";"0.0";"0.0";"0.0";"0.0";"0.0";"0.0";"0.0";"0.0";"0.0";"0.0";"0.0";"0.0";"0.0";"0.0";"0.0";"0.0";"0.0";"0.0";"0.0";"0.0";"0.0";"0.0";"0.0";"0.0";"0.0";"0.0";"0.0";"0.0";"0.0";"0.0";"0.0";"0.0";"0.0";"0.0";"0.0";"0.0";"0.0";"0.0";"0.0";"0.0";"0.0";"0.0";"0.0";"0.0";"0.0"
"Für die Kindertagesstätten erfolgt die Lieferung während 48 Wochen im Jahr.";"0.0";"0.0";"0.0";"0.0";"0.0";"0.0";"0.0";"0.0";"0.0";"0.0";"0.0";"0.0";"0.0";"0.0";"0.0";"0.0";"0.0";"0.0";"0.0";"0.0";"0.0";"0.0";"0.0";"0.0";"0.0";"0.0";"0.0";"0.0";"0.0";"0.0";"0.0";"0.0";"0.0";"0.0";"0.0";"0.0";"0.0";"0.0";"0.0";"0.0";"0.0";"0.0";"0.0";"0.0";"0.0";"0.0";"0.0";"0.0";"0.0";"0.0";"0.0";"0.0";"0.0";"0.0";"0.0";"0.0";"0.0";"0.0";"0.0";"0.0";"0.0";"0.0";"0.0";"0.0";"0.0";"0.0";"0.0";"0.0"
"Der Anbieter hat sicherzustellen, dass die Kühlkette während des Transports eingehalten wird.";"0.0";"0.0";"0.0";"0.0";"0.0";"0.0";"0.0";"0.0";"0.0";"0.0";"0.0";"0.0";"0.0";"0.0";"0.0";"0.0";"0.0";"0.0";"0.0";"0.0";"0.0";"0.0";"0.0";"0.0";"0.0";"0.0";"0.0";"0.0";"0.0";"0.0";"0.0";"0.0";"0.0";"0.0";"0.0";"0.0";"0.0";"0.0";"0.0";"0.0";"0.0";"0.0";"0.0";"0.0";"0.0";"0.0";"0.0";"0.0";"0.0";"0.0";"0.0";"0.0";"0.0";"0.0";"0.0";"0.0";"0.0";"0.0";"0.0";"0.0";"0.0";"0.0";"0.0";"0.0";"0.0";"0.0";"0.0";"0.0"
"Umweltgerechte Fahrzeuge mit niedrigem Treibstoffverbrauch sind zu verwenden.";"0.0";"0.0";"0.0";"0.0";"0.0";"0.0";"0.0";"0.0";"0.0";"0.0";"0.0";"0.0";"0.0";"0.0";"0.0";"0.0";"0.0";"0.0";"0.0";"0.0";"0.0";"0.0";"0.0";"0.0";"0.0";"0.0";"0.0";"0.0";"0.0";"0.0";"0.0";"0.0";"0.0";"0.0";"0.0";"0.0";"0.0";"0.0";"0.0";"0.0";"0.0";"0.0";"0.0";"0.0";"0.0";"0.0";"0.0";"0.0";"0.0";"0.0";"0.0";"0.0";"0.0";"0.0";"0.0";"0.0";"0.0";"0.0";"0.0";"0.0";"0.0";"0.0";"0.0";"0.0";"0.0";"0.0";"0.0";"0.0"
"Die Angebotsplanung muss saisonale und regionale Produkte berücksichtigen.";"0.0";"0.0";"0.0";"0.0";"0.0";"0.0";"0.0";"0.0";"0.0";"0.0";"0.0";"0.0";"0.0";"0.0";"0.0";"0.0";"0.0";"0.0";"0.0";"0.0";"0.0";"0.0";"0.0";"0.0";"0.0";"0.0";"0.0";"0.0";"0.0";"0.0";"0.0";"0.0";"0.0";"0.0";"0.0";"0.0";"0.0";"0.0";"0.0";"0.0";"0.0";"0.0";"0.0";"0.0";"0.0";"0.0";"0.0";"0.0";"0.0";"0.0";"0.0";"0.0";"0.0";"0.0";"0.0";"0.0";"0.0";"0.0";"0.0";"0.0";"0.0";"0.0";"0.0";"0.0";"0.0";"0.0";"0.0";"0.0"
"Ein jährliches Controlling stellt die Einhaltung der Qualitätsvorgaben sicher.";"0.0";"0.0";"0.0";"0.0";"0.0";"0.0";"0.0";"0.0";"0.0";"0.0";"0.0";"0.0";"0.0";"0.0";"0.0";"0.0";"0.0";"0.0";"0.0";"0.0";"0.0";"0.0";"0.0";"0.0";"0.0";"0.0";"0.0";"0.0";"0.0";"0.0";"0.0";"0.0";"0.0";"0.0";"0.0";"0.0";"0.0";"0.0";"0.0";"0.0";"0.0";"0.0";"0.0";"0.0";"0.0";"0.0";"0.0";"0.0";"0.0";"0.0";"0.0";"0.0";"0.0";"0.0";"0.0";"0.0";"0.0";"0.0";"0.0";"0.0";"0.0";"0.0";"0.0";"0.0";"0.0";"0.0";"0.0";"0.0"
"Bei mangelhafter Vertragserfüllung behält sich die Vergabestelle das Recht zur außerordentlichen Kündigung vor.";"0.0";"0.0";"0.0";"0.0";"0.0";"0.0";"0.0";"0.0";"0.0";"0.0";"0.0";"0.0";"0.0";"0.0";"0.0";"0.0";"0.0";"0.0";"0.0";"0.0";"0.0";"0.0";"0.0";"0.0";"0.0";"0.0";"0.0";"0.0";"0.0";"0.0";"0.0";"0.0";"0.0";"0.0";"0.0";"0.0";"0.0";"0.0";"0.0";"0.0";"0.0";"0.0";"0.0";"0.0";"0.0";"0.0";"0.0";"0.0";"0.0";"0.0";"0.0";"0.0";"0.0";"0.0";"0.0";"0.0";"0.0";"0.0";"0.0";"0.0";"0.0";"0.0";"0.0";"0.0";"0.0";"0.0";"0.0";"0.0"
"Die Vergabe erfolgt an den Anbieter mit der höchsten Punktzahl gemäß Zuschlagskriterien.";"0.0";"0.0";"0.0";"0.0";"0.0";"0.0";"0.0";"0.0";"0.0";"0.0";"0.0";"0.0";"0.0";"0.0";"0.0";"0.0";"0.0";"0.0";"0.0";"0.0";"0.0";"0.0";"0.0";"0.0";"0.0";"0.0";"0.0";"0.0";"0.0";"0.0";"0.0";"0.0";"0.0";"0.0";"0.0";"0.0";"0.0";"0.0";"0.0";"0.0";"0.0";"0.0";"0.0";"0.0";"0.0";"0.0";"0.0";"0.0";"0.0";"0.0";"0.0";"0.0";"0.0";"0.0";"0.0";"0.0";"0.0";"0.0";"0.0";"0.0";"0.0";"0.0";"0.0";"0.0";"0.0";"0.0";"0.0";"0.0"
"Die Offertenöffnung ist nicht öffentlich und wird protokolliert.";"0.0";"0.0";"0.0";"0.0";"0.0";"0.0";"0.0";"0.0";"0.0";"0.0";"0.0";"0.0";"0.0";"0.0";"0.0";"0.0";"0.0";"0.0";"0.0";"0.0";"0.0";"0.0";"0.0";"0.0";"0.0";"0.0";"0.0";"0.0";"0.0";"0.0";"0.0";"0.0";"0.0";"0.0";"0.0";"0.0";"0.0";"0.0";"0.0";"0.0";"0.0";"0.0";"0.0";"0.0";"0.0";"0.0";"0.0";"0.0";"0.0";"0.0";"0.0";"0.0";"0.0";"0.0";"0.0";"0.0";"0.0";"0.0";"0.0";"0.0";"0.0";"0.0";"0.0";"0.0";"0.0";"0.0";"0.0";"0.0"
"Fragen zur Ausschreibung sind schriftlich über die Plattform bis zum Stichtag einzureichen.";"0.0";"0.0";"0.0";"0.0";"0.0";"0.0";"0.0";"0.0";"0.0";"0.0";"0.0";"0.0";"0.0";"0.0";"0.0";"0.0";"0.0";"0.0";"0.0";"0.0";"0.0";"0.0";"0.0";"0.0";"0.0";"0.0";"0.0";"0.0";"0.0";"0.0";"0.0";"0.0";"0.0";"0.0";"0.0";"0.0";"0.0";"0.0";"0.0";"0.0";"0.0";"0.0";"0.0";"0.0";"0.0";"0.0";"0.0";"0.0";"0.0";"0.0";"0.0";"0.0";"0.0";"0.0";"0.0";"0.0";"0.0";"0.0";"0.0";"0.0";"0.0";"0.0";"0.0";"0.0";"0.0";"0.0";"0.0";"0.0"
